{"cameraMode":{"drawMode":0,"name":"Shaded","section":"Shading Mode"},"sceneLighting":true,"audioPlay":false,"sceneViewState":{"m_AlwaysRefresh":false,"showFog":true,"showSkybox":true,"showFlares":true,"showImageEffects":true,"showParticleSystems":true,"showVisualEffectGraphs":true,"m_FxEnabled":true},"in2DMode":false,"pivot":{"x":-0.44278576970100405,"y":-0.05665779113769531,"z":0.1505054235458374},"rotation":{"x":0.2370881885290146,"y":-0.32457807660102847,"z":0.08440067619085312,"w":0.9117650389671326},"size":0.6878679990768433,"orthographic":false}