{"cameraMode":{"drawMode":0,"name":"Shaded","section":"Shading Mode"},"sceneLighting":true,"audioPlay":false,"sceneViewState":{"m_AlwaysRefresh":false,"showFog":true,"showSkybox":true,"showFlares":true,"showImageEffects":true,"showParticleSystems":true,"showVisualEffectGraphs":true,"m_FxEnabled":true},"in2DMode":false,"pivot":{"x":283.3507385253906,"y":149.0880126953125,"z":26.3438720703125},"rotation":{"x":0.14882634580135346,"y":-0.014832393266260624,"z":0.0022324873134493829,"w":0.9887498021125794},"size":495.3573303222656,"orthographic":false}