{"cameraMode":{"drawMode":0,"name":"Shaded","section":"Shading Mode"},"sceneLighting":true,"audioPlay":false,"sceneViewState":{"m_AlwaysRefresh":false,"showFog":true,"showSkybox":true,"showFlares":true,"showImageEffects":true,"showParticleSystems":true,"showVisualEffectGraphs":true,"m_FxEnabled":true},"in2DMode":false,"pivot":{"x":-1.4414790868759156,"y":-1.107682466506958,"z":9.859943389892579},"rotation":{"x":-0.0677243247628212,"y":0.05973381549119949,"z":-0.0040650577284395699,"w":-0.9959095120429993},"size":5.402834892272949,"orthographic":false}