{"cameraMode":{"drawMode":0,"name":"Shaded","section":"Shading Mode"},"sceneLighting":true,"audioPlay":false,"sceneViewState":{"m_AlwaysRefresh":false,"showFog":true,"showSkybox":true,"showFlares":true,"showImageEffects":true,"showParticleSystems":true,"showVisualEffectGraphs":true,"m_FxEnabled":true},"in2DMode":false,"pivot":{"x":116.28336334228516,"y":315.7133483886719,"z":0.272735595703125},"rotation":{"x":0.005101278889924288,"y":0.0009067680221050978,"z":0.0000026830227852769896,"w":-0.9999907612800598},"size":488.341552734375,"orthographic":false}